order_id,order_date,customer_id,product_id,quantity,unit_price,validation_errors
O004639,2026-06-10,C00799,P030,8,801.10,unknown_customer_id
O003552,,C00185,P020,2,570.04,missing_order_date
O004251,2026-06-01,C00281,P019,9,100000.01,invalid_unit_price
O001160,2026-06-23,C00376,P022,0,607.66,invalid_quantity
O003139,2026-04-09,C00164,P049,3,0,invalid_unit_price
O004789,2026-04-07,C00066,P002,10,0,invalid_unit_price
O008454,2026-01-20,C00150,P028,0,433.19,invalid_quantity
O002391,2025-12-31,C00004,P005,8,92.73,invalid_order_date
O007473,2026-06-28,C00308,P020,2.5,540.16,invalid_quantity
O008534,not-a-date,C00371,P004,8,374.85,invalid_order_date
O003754,not-a-date,C00462,P032,2,241.33,invalid_order_date
O001104,2026-05-31,C00522,P048,10,258.51,unknown_customer_id
O007476,2026-04-17,C00141,PROD1,10,755.91,invalid_product_id_format;unknown_product_id
O123,2026-02-08,C00373,P027,5,361.20,invalid_order_id
O001395,2026-05-27,C1,P037,3,124.58,invalid_customer_id_format;unknown_customer_id
O001712,2026-06-15,C00187,P019,4,0,invalid_unit_price
O000704,2026-05-13,C00818,P038,10,290.71,unknown_customer_id
O006656,2026-03-23,,P044,1,469.55,missing_customer_id;invalid_customer_id_format
O005502,2026-06-07,C00599,P025,9,897.99,unknown_customer_id
O007740,2026-04-16,C00284,P004,10,0,invalid_unit_price
O003568,2026-05-15,C00707,P011,2,20.58,unknown_customer_id
O006440,2026-06-11,C00542,P009,1,419.14,unknown_customer_id
O005807,2026-01-07,C00409,P030,0,807.53,invalid_quantity
O008302,2026-05-30,CUSTOMER1,P039,10,745.05,invalid_customer_id_format;unknown_customer_id
O009279,2026-03-03,C00453,P047,101,125.32,invalid_quantity
O004094,2026-04-22,C00199,P589,2,184.14,unknown_product_id
O006607,2026-03-13,C00653,P030,7,630.88,unknown_customer_id;duplicate_order_product
O002121,,C00341,P035,10,307.49,missing_order_date
O007530,2026-02-23,C00497,,10,839.41,missing_product_id;invalid_product_id_format
O000053,2026-05-27,C00296,P031,4,620.93,duplicate_order_product
O004820,2026-01-04,C00265,P007,0,587.88,invalid_quantity
O009000,2026-04-21,C00377,P038,2.5,862.23,invalid_quantity
O005516,2026-06-20,C00359,P038,0,305.86,invalid_quantity
O002807,2026-02-14,C00207,P021,-1,208.67,invalid_quantity;duplicate_order_product
O003754,2026-02-10,C00462,P032,2,241.33,duplicate_order_product
O001916,2026-06-16,C00422,P1,9,394.09,invalid_product_id_format;unknown_product_id
O001621,2026-06-11,C00243,P795,3,751.85,unknown_product_id
O005539,2026-03-17,C00650,P012,2,801.21,unknown_customer_id
O000872,2026-02-30,C00459,P050,5,77.79,invalid_order_date;duplicate_order_product
O004561,2026-03-11,C00321,P003,1,216.27,duplicate_order_product
O007697,2026-03-07,C00998,P034,10,423.90,unknown_customer_id
O001087,2026-06-16,C00500,P012,9,0,invalid_unit_price
O003158,2026-06-30,C00407,PROD1,6,250.55,invalid_product_id_format;unknown_product_id
O007766,not-a-date,C00043,P043,10,914.52,invalid_order_date
O005500,2026-02-30,C00298,P022,1,356.15,invalid_order_date
O006585,2026-06-26,C00252,P020,101,19.56,invalid_quantity
O002055,2026-03-03,C00872,P041,9,251.23,unknown_customer_id
O002057,not-a-date,C00217,P002,2,218.71,invalid_order_date
O002915,2026-02-15,C00933,P017,2,224.77,unknown_customer_id
O005516,2026-06-20,C00359,P038,7,305.86,duplicate_order_product
O006977,2026-05-30,C00025,P007,10,,missing_unit_price
O004020,2026-03-24,C00159,P036,8,,missing_unit_price
O005029,2026-04-09,,P006,5,81.88,missing_customer_id;invalid_customer_id_format
O008079,2026-03-03,C00118,P199,1,425.93,unknown_product_id
O005324,2025-12-31,C00404,P008,9,208.61,invalid_order_date
O008930,2026-03-09,C00372,P009,0,729.88,invalid_quantity
O002121,2026-06-10,C00341,P035,10,307.49,duplicate_order_product
O004820,2026-01-04,C00265,P007,6,587.88,duplicate_order_product
O002863,2026-05-16,C00021,,1,92.03,missing_product_id;invalid_product_id_format
O005317,2026-02-30,C00316,P013,9,791.87,invalid_order_date
O000637,2026-06-11,C1,P005,3,12.98,invalid_customer_id_format;unknown_customer_id
O005932,2026-04-13,C00338,P045,,372.00,missing_quantity
O008690,2026-06-28,,P038,5,464.27,missing_customer_id;invalid_customer_id_format
O009164,2026-02-16,C00404,X123,9,167.53,invalid_product_id_format;unknown_product_id
O008043,2026-01-16,C00468,P007,,195.39,missing_quantity
O001102,2026-06-08,C00445,P050,8,296.63,duplicate_order_product
O001724,2026-02-19,C00324,P023,5,,missing_unit_price
O009224,,C00209,P033,9,902.59,missing_order_date
O009484,2026-05-29,C00152,P013,-1,142.91,invalid_quantity
O008398,2026-03-26,C00240,P027,3,580.53,duplicate_order_product
O001983,2026-03-09,C00587,P040,8,326.47,unknown_customer_id
O001027,2026-02-11,C00021,P036,8,-10.00,invalid_unit_price
O008110,2025-12-31,C00308,P010,8,673.98,invalid_order_date;duplicate_order_product
O008180,2026-03-19,C00569,P001,3,210.80,unknown_customer_id
O005259,2026-13-01,C00116,P016,5,266.16,invalid_order_date;duplicate_order_product
O001903,2026-05-12,C00462,P156,5,27.74,unknown_product_id
O001160,2026-06-23,C00376,P022,8,607.66,duplicate_order_product
O006940,2026-04-26,,P018,6,583.02,missing_customer_id;invalid_customer_id_format
O002908,2026-02-22,C00088,,6,835.79,missing_product_id;invalid_product_id_format
O001087,2026-06-16,C00500,P012,9,712.05,duplicate_order_product
O005789,2026-03-12,C00279,P030,101,770.89,invalid_quantity;duplicate_order_product
O003910,2026-06-29,C00420,P001,0,343.08,invalid_quantity
O005882,2026-01-05,C00415,P009,101,121.06,invalid_quantity
O001326,2026-04-26,C00140,P045,-1,645.86,invalid_quantity
O000849,2026-06-28,C00927,P003,4,430.64,unknown_customer_id
O000616,2026-13-01,C00194,P044,10,791.26,invalid_order_date
O002915,2026-02-15,C00499,P017,2,224.77,duplicate_order_product
O007567,2026-03-09,C00402,P032,,804.83,missing_quantity
O003806,2026-06-10,C00449,P003,101,86.66,invalid_quantity
O001749,2026-04-04,C00705,P004,2,502.94,unknown_customer_id
O000822,not-a-date,C00469,P047,6,356.54,invalid_order_date
O009484,2026-05-29,C00152,P013,3,142.91,duplicate_order_product
O006793,2026-03-05,C00208,P038,-1,209.73,invalid_quantity;duplicate_order_product
O005011,2026-02-04,C00429,P031,-1,360.45,invalid_quantity;duplicate_order_product
O000101,2026-01-10,C00440,P031,101,262.58,invalid_quantity;duplicate_order_product
O000065,2025-12-31,C00217,P045,9,868.52,invalid_order_date
O007118,2026-02-12,C00487,P031,-1,615.91,invalid_quantity
O006127,2026-05-29,,P007,5,312.64,missing_customer_id;invalid_customer_id_format
O005336,2025-12-31,C00079,P046,3,235.14,invalid_order_date;duplicate_order_product
O003082,2025-12-31,C00495,P023,8,836.90,invalid_order_date;duplicate_order_product
O006058,2025-12-31,C00383,P027,10,721.36,invalid_order_date
O006036,,C00400,P024,4,341.40,missing_order_date
O000883,2026-05-15,C00245,P001,2.5,805.95,invalid_quantity
O001104,2026-05-31,C00280,P048,10,258.51,duplicate_order_product
O006946,2026-05-03,C00521,P026,10,805.49,unknown_customer_id;duplicate_order_product
O008454,2026-01-20,C00150,P028,10,433.19,duplicate_order_product
O002915,2026-02-30,C00499,P017,2,224.77,invalid_order_date;duplicate_order_product
O003733,not-a-date,C00158,P038,10,712.44,invalid_order_date;duplicate_order_product
O008965,2026-05-21,C00266,P028,7,-10.00,invalid_unit_price
O001157,2026-05-26,C00187,P021,-1,222.03,invalid_quantity
O000432,2026-03-27,C00069,P003,6,0,invalid_unit_price
O006320,2026-04-07,C00313,P038,10,862.54,duplicate_order_product
O003864,2026-04-21,C00779,P044,8,16.72,unknown_customer_id
O009425,2026-03-04,,P017,6,430.73,missing_customer_id;invalid_customer_id_format
O001408,2026-03-25,C00258,P980,4,201.79,unknown_product_id
O003777,not-a-date,C00002,P037,1,508.93,invalid_order_date;duplicate_order_product
O003217,2026-03-01,C00031,P050,8,331.33,duplicate_order_product
O003136,2026-01-25,C00119,P787,8,448.10,unknown_product_id
O002278,2026-04-10,C00385,P042,0,491.55,invalid_quantity
O000265,2026-03-07,C00342,P001,2.5,378.00,invalid_quantity
O001017,not-a-date,C00025,P045,2,547.27,invalid_order_date
O005474,2026-04-23,C00079,P044,8,825.34,duplicate_order_product
O006841,2026-01-26,C00145,P003,10,-10.00,invalid_unit_price;duplicate_order_product
O007489,2026-02-12,C00292,P385,4,304.71,unknown_product_id
O002654,2026-02-16,C00236,P012,-1,248.54,invalid_quantity
O006440,2026-06-11,C00303,P009,1,419.14,duplicate_order_product
O003055,not-a-date,C00164,P045,9,660.87,invalid_order_date
O007144,2026-01-22,C00465,P022,1,977.77,duplicate_order_product
O006729,2026-03-27,C00176,P005,4,356.31,duplicate_order_product
O006130,2026-02-05,C00134,P030,10,167.26,duplicate_order_product
O005249,2026-05-23,C00357,P021,5,883.77,duplicate_order_product
O004475,2026-02-01,C00203,P641,4,186.35,unknown_product_id
O002412,2026-04-22,C00491,P017,6,668.95,duplicate_order_product
O008448,2026-02-05,C00477,P044,,413.95,missing_quantity
O008180,2026-03-19,C00080,P001,3,210.80,duplicate_order_product
O007336,2026-02-20,C00029,P017,5,0,invalid_unit_price
O001983,2026-03-09,C00121,P040,8,326.47,duplicate_order_product
O003315,2026-03-04,C00130,,6,788.66,missing_product_id;invalid_product_id_format
O003552,2026-04-01,C00185,P020,2,570.04,duplicate_order_product
O003280,,C00464,P038,6,677.77,missing_order_date
O000935,2026-04-22,C00104,P041,101,780.94,invalid_quantity
O007482,2026-05-11,C00466,P012,-1,100.73,invalid_quantity
O002391,2026-06-11,C00004,P005,8,92.73,duplicate_order_product
O006248,2026-01-21,C00345,P037,-1,210.37,invalid_quantity
O000708,2026-01-22,C00060,P047,3,457.56,duplicate_order_product
O008477,2026-05-25,C00571,P047,3,556.86,unknown_customer_id
O008770,2026-04-30,C00862,P039,1,758.29,unknown_customer_id
O004033,not-a-date,C00433,P032,4,936.62,invalid_order_date
O008799,2026-04-12,,P016,7,664.95,missing_customer_id;invalid_customer_id_format
O007697,2026-03-07,C00439,P034,10,423.90,duplicate_order_product
O008044,2026-04-30,C00124,P007,,986.84,missing_quantity
O008695,2026-06-11,C00043,P029,2,,missing_unit_price
O008662,not-a-date,C00054,P027,8,732.27,invalid_order_date
O007740,2026-04-16,C00284,P004,10,824.69,duplicate_order_product
O008273,2025-12-31,C00402,P008,1,110.00,invalid_order_date
O004972,2026-01-29,C00471,P011,1,0,invalid_unit_price
O006754,2026-04-20,C00503,P038,4,321.32,unknown_customer_id;duplicate_order_product
O008240,2026-02-30,C00360,P022,6,213.02,invalid_order_date
O008930,2026-03-09,C00372,P009,9,729.88,duplicate_order_product
O005324,2026-05-08,C00404,P008,9,208.61,duplicate_order_product
O005227,2026-05-18,C00115,P1,2,897.25,invalid_product_id_format;unknown_product_id
O003491,2026-04-01,C00425,P048,6,100000.01,invalid_unit_price
O002228,2026-06-08,C00225,P049,2,820.65,duplicate_order_product
O004990,2026-04-01,C00366,P001,9,0,invalid_unit_price
O000341,2026-03-29,C00081,P024,5,-10.00,invalid_unit_price
O007199,not-a-date,C00374,P042,7,839.70,invalid_order_date
O000976,2026-06-17,C00365,P232,5,247.88,unknown_product_id
O007438,2026-02-01,C1,P031,5,961.12,invalid_customer_id_format;unknown_customer_id
O002727,2026-06-29,C00346,P007,2.5,534.83,invalid_quantity;duplicate_order_product
O008194,2026-05-05,C1,P036,9,877.97,invalid_customer_id_format;unknown_customer_id
O003242,2026-03-30,C00322,P001,101,360.89,invalid_quantity
O005478,2026-05-17,C00145,P046,5,100000.01,invalid_unit_price;duplicate_order_product
O007083,2026-03-23,C00954,P033,1,259.32,unknown_customer_id
O003849,2026-04-21,C00406,P044,4,100000.01,invalid_unit_price
O009102,2026-06-12,C00239,PROD1,10,999.84,invalid_product_id_format;unknown_product_id
O004033,2026-05-30,C00433,P032,4,936.62,duplicate_order_product
O001061,2026-01-10,C00916,P036,1,120.13,unknown_customer_id;duplicate_order_product
O008302,2026-05-30,C00134,P039,10,745.05,duplicate_order_product
O006226,2026-03-05,C00228,,7,777.12,missing_product_id;invalid_product_id_format
O003455,2026-05-15,C00460,,4,477.52,missing_product_id;invalid_product_id_format
O003491,2026-04-01,C00425,P048,6,590.44,duplicate_order_product
O005458,2026-04-23,C00439,P028,3,,missing_unit_price
O007801,2026-04-15,C00207,P1,3,696.86,invalid_product_id_format;unknown_product_id
O004003,not-a-date,C00156,P014,9,837.56,invalid_order_date
O009425,2026-03-04,C00027,P017,6,430.73,duplicate_order_product
O004535,2026-05-29,C00197,P041,10,,missing_unit_price
O000813,2026-02-30,C00269,P005,5,934.65,invalid_order_date;duplicate_order_product
O003472,2026-06-12,C00315,P049,8,1.64,duplicate_order_product
O123,2026-03-13,C00430,P031,4,817.76,invalid_order_id
O008960,2026-06-30,C00424,P012,0,957.45,invalid_quantity;duplicate_order_product
O001378,2026-03-01,C00763,P025,4,254.12,unknown_customer_id
O005223,2026-01-13,C00209,P017,-1,259.26,invalid_quantity
O001805,2026-02-06,C00885,P020,8,689.52,unknown_customer_id
O008624,2026-01-20,C00164,P045,-1,455.44,invalid_quantity
O006003,2026-03-28,C00165,P048,2,-10.00,invalid_unit_price;duplicate_order_product
O009305,2026-01-02,C00433,P046,6,100000.01,invalid_unit_price
O003242,2026-03-30,C00322,P001,4,360.89,duplicate_order_product
O009027,2026-04-19,C00043,P010,101,289.36,invalid_quantity
O001378,2026-03-01,C00273,P025,4,254.12,duplicate_order_product
O000605,2026-06-01,C00451,,3,821.50,missing_product_id;invalid_product_id_format
O005432,2026-06-28,,P026,7,291.04,missing_customer_id;invalid_customer_id_format;duplicate_order_product
O001559,2026-05-01,C00532,P044,1,139.84,unknown_customer_id;duplicate_order_product
O001326,2026-04-26,C00140,P045,10,645.86,duplicate_order_product
O007361,2026-01-04,C00239,,9,777.61,missing_product_id;invalid_product_id_format
O002780,2026-06-28,C00280,P050,3,788.66,duplicate_order_product
O004990,2026-04-01,C00366,P001,9,80.66,duplicate_order_product
O001459,2026-02-18,C00055,P009,3,,missing_unit_price
O006075,2026-05-07,C00093,P035,101,210.80,invalid_quantity
O008695,2026-06-11,C00043,P029,2,394.69,duplicate_order_product
O001547,2026-03-21,C00478,P003,10,115.13,duplicate_order_product
O005932,2026-04-13,C00338,P045,5,372.00,duplicate_order_product
O004915,2026-02-07,C00135,P008,10,128.61,duplicate_order_product
O008662,2026-01-27,C00054,P027,8,732.27,duplicate_order_product
O006238,2026-06-08,C00445,P033,8,525.03,duplicate_order_product
O000736,,C00335,P032,7,898.44,missing_order_date;duplicate_order_product
O005539,2026-03-17,C00338,P012,2,801.21,duplicate_order_product
O007684,2026-03-26,C00224,P026,5,268.69,duplicate_order_product
O003488,,C00243,P042,10,547.45,missing_order_date
O001366,2025-12-31,C00165,P008,2,686.76,invalid_order_date
O009217,2026-02-30,C00318,P031,2,872.06,invalid_order_date
O002104,2026-04-13,C00454,P044,9,0,invalid_unit_price
O001758,2026-03-30,C00232,P032,-1,691.33,invalid_quantity
O008982,2026-03-19,C00379,P029,8,119.71,duplicate_order_product
O004562,2026-13-01,C00386,P015,1,9.53,invalid_order_date
O003610,2026-01-20,C00129,P046,9,876.71,duplicate_order_product
O000519,2026-13-01,C00345,P008,7,766.07,invalid_order_date;duplicate_order_product
O000776,2026-01-03,C00357,P022,2,100000.01,invalid_unit_price;duplicate_order_product
O001395,2026-05-27,C00475,P037,3,124.58,duplicate_order_product
O009468,2026-01-23,C00464,P027,2.5,446.32,invalid_quantity;duplicate_order_product
O008120,2026-01-09,C00007,P031,3,-10.00,invalid_unit_price;duplicate_order_product
O002104,2026-04-13,C00454,P044,9,399.88,duplicate_order_product
O003977,2026-06-26,C00230,P212,1,739.21,unknown_product_id
O006940,2026-04-26,C00388,P018,6,583.02,duplicate_order_product
O000883,2026-05-15,C00245,P001,6,805.95,duplicate_order_product
O007866,2026-04-30,C00465,P031,1,,missing_unit_price
O001104,2026-05-31,C00721,P048,10,258.51,unknown_customer_id;duplicate_order_product
O007232,2026-02-23,C00421,P008,0,21.54,invalid_quantity
O003879,2026-03-28,C00102,P002,8,515.10,duplicate_order_product
O006262,2026-06-05,C00272,P011,5,305.08,duplicate_order_product
O003229,2026-13-01,C00384,P036,7,524.50,invalid_order_date
O006977,2026-05-30,C00025,P007,10,314.73,duplicate_order_product
O002030,,C00223,P041,7,122.82,missing_order_date;duplicate_order_product
O006069,2026-05-23,C00003,P070,4,738.70,unknown_product_id
O007516,not-a-date,C00331,P026,7,677.78,invalid_order_date
O001777,2026-02-11,C00365,P035,5,239.91,duplicate_order_product
O002096,2026-05-16,C00216,P015,3,100000.01,invalid_unit_price
O002583,2026-04-20,C00457,P012,,354.21,missing_quantity
O002827,2026-01-03,C00463,P012,-1,828.34,invalid_quantity
O008624,2026-01-20,C00164,P045,5,455.44,duplicate_order_product
O008714,2026-01-10,C00186,P263,3,464.44,unknown_product_id
O008170,2026-01-12,C00423,X123,2,678.09,invalid_product_id_format;unknown_product_id
O007977,2026-05-25,C00269,P050,2.5,210.03,invalid_quantity
O008690,2026-06-28,C00470,P038,5,464.27,duplicate_order_product
ORDER123,2026-02-12,C00284,P042,5,467.48,invalid_order_id
O002407,2026-01-04,C00982,P033,6,645.15,unknown_customer_id
O004247,2025-12-31,C00054,P031,9,265.38,invalid_order_date;duplicate_order_product
O007757,2026-04-04,C00378,P630,3,113.05,unknown_product_id
O001750,2026-02-30,C00239,P040,1,480.16,invalid_order_date;duplicate_order_product
O001519,2026-04-30,C00321,P008,4,100000.01,invalid_unit_price
O006109,2026-01-20,C00247,P030,,771.70,missing_quantity;duplicate_order_product
O008743,2026-01-10,C00165,P959,2,314.49,unknown_product_id
O002201,2026-04-02,C00099,P006,2.5,820.51,invalid_quantity
O001159,2026-06-14,C00224,P018,-1,177.03,invalid_quantity;duplicate_order_product
O003568,2026-05-15,C00087,P011,2,20.58,duplicate_order_product
O008913,2026-03-01,C00455,P049,4,0,invalid_unit_price
O009458,2026-01-12,C00160,P645,8,629.01,unknown_product_id
O006730,2026-03-15,C00474,P044,2.5,721.01,invalid_quantity;duplicate_order_product
O003670,2026-01-04,C00152,P016,1,803.44,duplicate_order_product
O001977,2026-04-27,C00424,P044,8,,missing_unit_price
O000614,2026-03-26,C00332,P006,8,0,invalid_unit_price
O008087,2026-06-08,C00081,P024,6,115.82,duplicate_order_product
O007834,2026-04-24,C00394,P005,0,682.78,invalid_quantity;duplicate_order_product
O007866,2026-04-30,C00465,P031,1,960.85,duplicate_order_product
O003070,not-a-date,C00175,P047,10,569.95,invalid_order_date
O005095,2026-01-14,C00421,P684,3,262.63,unknown_product_id
O000458,2026-03-13,C00128,P008,1,965.26,duplicate_order_product
O002254,2026-04-18,C00594,P011,2,596.46,unknown_customer_id
O008267,2026-03-02,C00129,P043,2.5,624.16,invalid_quantity;duplicate_order_product
O007111,,C00131,P021,2,837.20,missing_order_date;duplicate_order_product
O004548,2026-05-24,C00388,P002,5,,missing_unit_price
O003578,2026-04-14,C00145,P496,2,328.39,unknown_product_id
O008240,2026-04-15,C00360,P022,6,213.02,duplicate_order_product
O005741,2026-06-07,C00022,P043,3,666.92,duplicate_order_product
O001758,2026-03-30,C00232,P032,9,691.33,duplicate_order_product
O006251,2026-04-29,C00047,P030,,700.78,missing_quantity;duplicate_order_product
O002055,2026-03-03,C00224,P041,9,251.23,duplicate_order_product
O000499,2026-05-12,C00240,P032,101,652.91,invalid_quantity
O009041,2026-06-20,C00374,P009,4,891.69,duplicate_order_product
O006474,2026-04-30,C00026,P050,3,0,invalid_unit_price;duplicate_order_product
O001196,2026-06-13,C00010,P047,101,113.39,invalid_quantity
O001356,2025-12-31,C00278,P045,8,249.74,invalid_order_date;duplicate_order_product
O006040,2026-04-20,C00488,P017,1,412.92,duplicate_order_product
O004290,2026-01-10,C00232,P013,1,-10.00,invalid_unit_price
O008448,2026-02-30,C00477,P044,7,413.95,invalid_order_date;duplicate_order_product
O008770,2026-04-30,C00172,P039,1,758.29,duplicate_order_product
O006574,2026-04-16,C00032,,1,910.22,missing_product_id;invalid_product_id_format
O006058,2026-02-16,C00383,P027,10,721.36,duplicate_order_product
O008178,2026-03-25,C00072,P031,,802.50,missing_quantity;duplicate_order_product
O005855,2026-04-07,C00128,P019,7,-10.00,invalid_unit_price;duplicate_order_product
O009368,2026-03-28,C00145,P024,6,729.34,duplicate_order_product
O005235,2026-04-18,C00250,P500,9,74.23,unknown_product_id
O001027,2026-02-11,C00021,P036,8,273.22,duplicate_order_product
O004789,2026-04-07,C00066,P002,10,254.82,duplicate_order_product
O003053,2026-04-24,C00366,P020,6,,missing_unit_price;duplicate_order_product
O009103,2026-05-20,C00078,P045,0,60.15,invalid_quantity
O003910,2026-06-29,C00420,P001,5,343.08,duplicate_order_product
O000055,2026-04-21,C00182,P028,2.5,613.13,invalid_quantity;duplicate_order_product
O007027,2026-03-13,C00162,P023,-1,327.24,invalid_quantity;duplicate_order_product
O007766,2026-03-29,C00043,P043,10,914.52,duplicate_order_product
O001863,2026-03-21,C00352,P077,4,727.02,unknown_product_id
O007977,2026-05-25,C00269,P050,8,210.03,duplicate_order_product
O007482,2026-05-11,C00466,P012,7,100.73,duplicate_order_product
O001735,2026-01-11,C00241,P047,,45.06,missing_quantity
O003100,2026-01-12,C00149,P010,10,34.46,duplicate_order_product
O006970,2026-04-02,C00351,P016,10,231.80,duplicate_order_product
O000161,2026-06-05,C00311,P048,101,215.65,invalid_quantity;duplicate_order_product
O000803,2026-02-09,C00275,P021,7,769.65,duplicate_order_product
O003229,2026-02-05,C00384,P036,7,524.50,duplicate_order_product
O001258,2026-06-24,C00477,X123,8,967.14,invalid_product_id_format;unknown_product_id
O009000,2026-04-21,C00377,P038,2,862.23,duplicate_order_product
O004982,2026-04-30,C00174,P225,3,258.96,unknown_product_id
O000203,2026-01-16,C00313,P048,2,273.35,duplicate_order_product
O000822,2026-04-17,C00469,P047,6,356.54,duplicate_order_product
O006751,not-a-date,C00164,P028,5,169.91,invalid_order_date
O006075,2026-05-07,C00093,P035,2,210.80,duplicate_order_product
O007539,2025-12-31,C00442,P044,4,707.36,invalid_order_date;duplicate_order_product
O005120,2026-03-26,C00172,P004,2.5,583.39,invalid_quantity
O008140,2026-01-09,C00069,X123,9,454.64,invalid_product_id_format;unknown_product_id
O001519,2026-04-30,C00321,P008,4,807.49,duplicate_order_product
O007358,2026-04-17,C00431,P001,4,705.47,duplicate_order_product
O008044,2026-04-30,C00124,P007,2,986.84,duplicate_order_product
O001134,2026-04-10,C00231,P041,7,568.57,duplicate_order_product
O009448,2026-02-30,C00281,P007,1,528.18,invalid_order_date
O007547,2026-02-30,C00436,P049,3,576.76,invalid_order_date
O005317,2026-06-29,C00316,P013,9,791.87,duplicate_order_product
O001566,2026-06-14,C00364,P050,8,100000.01,invalid_unit_price;duplicate_order_product
O008641,,C00151,P009,8,982.69,missing_order_date
O004276,2026-01-30,C00392,P029,6,160.17,duplicate_order_product
O006668,2025-12-31,C00450,P029,10,586.11,invalid_order_date;duplicate_order_product
O000637,2026-06-11,C00119,P005,3,12.98,duplicate_order_product
O007232,2026-02-23,C00421,P008,9,21.54,duplicate_order_product
O006751,2026-05-15,C00164,P028,5,169.91,duplicate_order_product
O008477,2026-05-25,C00194,P047,3,556.86,duplicate_order_product
O007439,2026-02-25,C00310,P041,3,191.70,duplicate_order_product
O006599,2026-03-10,X00123,P044,9,946.86,invalid_customer_id_format;unknown_customer_id
O008909,2026-02-28,C00778,P031,1,10.05,unknown_customer_id;duplicate_order_product
O006933,2026-06-01,C00293,P020,-1,714.99,invalid_quantity
O000177,2026-02-24,C00182,P017,6,0,invalid_unit_price
O000849,2026-06-28,C00309,P003,4,430.64,duplicate_order_product
O007407,2026-13-01,C00011,P006,9,150.70,invalid_order_date
O004126,2026-03-07,C00983,P015,5,481.50,unknown_customer_id;duplicate_order_product
O002407,2026-01-04,C00442,P033,6,645.15,duplicate_order_product
O004290,2026-01-10,C00232,P013,1,749.34,duplicate_order_product
O002208,2026-06-24,C00309,P037,3,100000.01,invalid_unit_price;duplicate_order_product
O006320,2026-04-07,C00313,P038,10,,missing_unit_price;duplicate_order_product
O007146,2026-02-08,C00215,P001,1,661.49,duplicate_order_product
O005502,2026-06-07,C00350,P025,9,897.99,duplicate_order_product
O005034,2026-02-05,C00758,P021,5,536.64,unknown_customer_id;duplicate_order_product
O007696,,C00107,P022,2,997.05,missing_order_date;duplicate_order_product
O002090,2026-13-01,C00391,P033,8,961.17,invalid_order_date
O007528,2026-13-01,C00150,P017,10,948.91,invalid_order_date;duplicate_order_product
O005773,2025-12-31,C00110,P026,5,998.43,invalid_order_date
O000648,2026-06-25,C00424,P006,-1,123.55,invalid_quantity
O002644,2025-12-31,C00210,P040,5,426.50,invalid_order_date
O008799,2026-04-12,C00257,P016,7,664.95,duplicate_order_product
O001230,2026-01-17,C00833,P015,6,105.90,unknown_customer_id;duplicate_order_product
O003841,2026-02-02,C00413,P049,2,-10.00,invalid_unit_price
O000257,not-a-date,C00223,P007,2,582.53,invalid_order_date
O003340,2026-02-30,C00155,P028,2,446.10,invalid_order_date
O008534,2026-01-27,C00371,P004,8,374.85,duplicate_order_product
O007438,2026-02-01,C00079,P031,5,961.12,duplicate_order_product
O000341,2026-03-29,C00081,P024,5,946.81,duplicate_order_product
O005648,2026-06-02,C00029,P001,4,,missing_unit_price
O005527,2026-03-17,C00633,P043,2,933.22,unknown_customer_id;duplicate_order_product
O005500,2026-06-03,C00298,P022,1,356.15,duplicate_order_product
O002987,2026-04-10,C00006,P038,5,45.67,duplicate_order_product
O001969,2026-03-14,,P006,7,482.82,missing_customer_id;invalid_customer_id_format
O002793,2026-01-26,C00825,P029,9,762.83,unknown_customer_id;duplicate_order_product
O007605,2026-02-16,,P046,3,651.61,missing_customer_id;invalid_customer_id_format;duplicate_order_product
O006036,2026-03-27,C00400,P024,4,341.40,duplicate_order_product
O006307,2025-12-31,C00076,P008,6,940.58,invalid_order_date;duplicate_order_product
O003912,2026-06-16,C00330,,7,104.16,missing_product_id;invalid_product_id_format
O005688,2026-01-10,C00058,P004,9,781.63,duplicate_order_product
O008206,2026-01-27,C00135,P023,7,0,invalid_unit_price;duplicate_order_product
O002827,2026-01-03,C00463,P012,10,828.34,duplicate_order_product
O009349,2026-13-01,C00394,P029,8,647.39,invalid_order_date;duplicate_order_product
O002293,2026-03-17,C00432,P033,0,717.50,invalid_quantity
O002293,2026-03-17,C00432,P033,9,717.50,duplicate_order_product
O004223,2026-02-27,C00353,P019,1,516.62,duplicate_order_product
O000604,2026-04-16,C00154,P018,1,730.70,duplicate_order_product
O004493,2026-02-24,C00201,P024,-1,454.23,invalid_quantity
O005223,2026-01-13,C00209,P017,7,259.26,duplicate_order_product
O007998,2026-01-04,C00294,P024,9,647.72,duplicate_order_product
O001631,2026-05-07,C00386,P027,0,312.88,invalid_quantity;duplicate_order_product
O003888,2026-06-06,C00063,P039,101,695.20,invalid_quantity;duplicate_order_product
O008160,2026-04-23,C00291,P037,-1,412.68,invalid_quantity
O009404,2026-04-22,C00209,P016,8,-10.00,invalid_unit_price;duplicate_order_product
O004562,2026-05-03,C00386,P015,1,9.53,duplicate_order_product
O001404,2026-04-22,C00214,P934,4,980.99,unknown_product_id
O003841,2026-02-02,C00413,P049,2,319.45,duplicate_order_product
O007261,2026-02-14,C00273,P018,101,608.49,invalid_quantity;duplicate_order_product
O001153,2026-04-02,C00066,P043,0,132.13,invalid_quantity
O007547,2026-01-21,C00436,P049,3,576.76,duplicate_order_product
O002114,2026-01-08,C00456,P035,10,0,invalid_unit_price;duplicate_order_product
O004430,2026-02-08,C00090,P348,5,658.21,unknown_product_id
O008043,2026-01-16,C00468,P007,6,195.39,duplicate_order_product
O004053,2026-05-02,C00245,P031,4,130.82,duplicate_order_product
O001400,2026-03-25,C00406,P051,3,640.99,unknown_product_id
O009027,2026-04-19,C00043,P010,10,289.36,duplicate_order_product
O005005,2026-06-14,C00306,P008,3,0,invalid_unit_price;duplicate_order_product
O000991,2026-02-30,C00037,P031,4,656.98,invalid_order_date
O004148,2026-03-05,C00775,P041,10,989.95,unknown_customer_id;duplicate_order_product
O003916,,C00142,P013,10,595.19,missing_order_date;duplicate_order_product
O000428,2026-05-10,C00284,P002,7,617.21,duplicate_order_product
O000328,2026-06-20,C00482,P049,7,946.10,duplicate_order_product
O003214,2026-05-24,C00087,P014,-1,778.79,invalid_quantity
O001977,2026-04-27,C00424,P044,8,156.33,duplicate_order_product
O002042,2026-02-16,C00698,P026,1,110.17,unknown_customer_id
O009194,2026-05-30,C00178,P015,9,31.78,duplicate_order_product
O008214,2026-06-07,X00123,P006,3,826.85,invalid_customer_id_format;unknown_customer_id;duplicate_order_product
O006041,2026-02-19,C00350,P042,6,540.35,duplicate_order_product
O001376,2026-01-11,C00376,P005,5,103.15,duplicate_order_product
O005120,2026-03-26,C00172,P004,8,583.39,duplicate_order_product
O006740,2026-01-04,C00299,P021,5,-10.00,invalid_unit_price;duplicate_order_product
O001978,2026-02-27,C00366,P891,4,349.91,unknown_product_id
O003477,2026-05-24,C00258,P020,8,147.10,duplicate_order_product
O000110,2026-03-07,C00023,P046,7,3.21,duplicate_order_product
O002042,2026-02-16,C00432,P026,1,110.17,duplicate_order_product
O008160,2026-04-23,C00291,P037,7,412.68,duplicate_order_product
O006114,2025-12-31,C00203,P029,2,922.42,invalid_order_date
O005102,2026-04-16,C00304,P036,10,100000.01,invalid_unit_price
O008185,2026-01-19,C00429,P008,9,42.37,duplicate_order_product
O009014,2026-03-17,C00416,P023,8,-10.00,invalid_unit_price
O000113,2026-03-22,C00340,P008,2.5,665.69,invalid_quantity;duplicate_order_product
O008833,2026-05-12,C00311,P968,2,901.27,unknown_product_id
O001926,2026-03-23,C00441,P005,4,541.59,duplicate_order_product
O007199,2026-01-23,C00374,P042,7,839.70,duplicate_order_product
O007658,2026-01-16,C00459,P049,9,835.20,duplicate_order_product
O001969,2026-03-14,C00102,P006,7,482.82,duplicate_order_product
O001668,2026-05-12,C00363,P370,8,627.70,unknown_product_id
O006775,2026-02-10,C00125,P047,-1,334.13,invalid_quantity;duplicate_order_product
O009487,2026-13-01,C00402,P022,6,969.90,invalid_order_date;duplicate_order_product
O001753,2026-03-27,C1,P035,2,851.70,invalid_customer_id_format;unknown_customer_id;duplicate_order_product
O123,2026-03-14,C00028,P016,8,269.55,invalid_order_id
O003340,2026-02-24,C00155,P028,2,446.10,duplicate_order_product
O009305,2026-01-02,C00433,P046,6,203.52,duplicate_order_product
O001153,2026-04-02,C00066,P043,4,132.13,duplicate_order_product
O006127,2026-05-29,C00328,P007,5,312.64,duplicate_order_product
O001814,2026-06-17,C00341,P019,7,236.10,duplicate_order_product
O003849,2026-04-21,C00406,P044,4,276.53,duplicate_order_product
O003583,2026-01-09,C00383,P954,1,260.38,unknown_product_id
O009052,2026-01-17,C00073,P049,101,285.62,invalid_quantity
O004107,2025-12-31,C00127,P027,4,318.22,invalid_order_date;duplicate_order_product
O006157,2026-03-04,C00473,P018,2,377.79,duplicate_order_product
O006599,2026-03-10,C00466,P044,9,946.86,duplicate_order_product
O006990,2026-04-09,C00334,P982,8,611.10,unknown_product_id
O004651,2025-12-31,C00437,P024,5,330.26,invalid_order_date
O000058,2026-02-19,C00098,P035,8,184.73,duplicate_order_product
O002780,2026-13-01,C00280,P050,3,788.66,invalid_order_date;duplicate_order_product
O009103,2026-05-20,C00078,P045,5,60.15,duplicate_order_product
O006656,2026-03-23,C00226,P044,1,469.55,duplicate_order_product
O000816,,C00189,P011,5,135.87,missing_order_date;duplicate_order_product
O005228,2026-01-06,X00123,P011,10,118.51,invalid_customer_id_format;unknown_customer_id;duplicate_order_product
O002644,2026-02-04,C00210,P040,5,426.50,duplicate_order_product
O002948,2026-06-23,C00327,P025,7,524.12,duplicate_order_product
O008506,2026-02-09,C00356,P041,5,450.10,duplicate_order_product
O004295,2026-02-04,C00243,P032,9,,missing_unit_price;duplicate_order_product
O009106,2026-06-09,C00482,P037,9,106.91,duplicate_order_product
O003139,2026-04-09,C00164,P049,3,188.69,duplicate_order_product
O008151,2026-01-10,C00341,P037,10,722.63,duplicate_order_product
O006276,2026-05-19,C00017,P034,2,596.40,duplicate_order_product
O001712,2026-06-15,C00187,P019,4,570.73,duplicate_order_product
O000433,2026-03-28,C00417,P042,3,898.42,duplicate_order_product
O005773,2026-03-01,C00110,P026,5,998.43,duplicate_order_product
O003802,2026-06-24,C00289,P050,3,100000.01,invalid_unit_price;duplicate_order_product
O003214,2026-05-24,C00087,P014,8,778.79,duplicate_order_product
O007282,2026-06-20,C00177,P008,1,687.25,duplicate_order_product
O006053,2025-12-31,C00316,P035,6,150.44,invalid_order_date;duplicate_order_product
O009221,2026-06-23,C00317,P007,8,886.95,duplicate_order_product
O008273,2026-01-21,C00402,P008,1,110.00,duplicate_order_product
O006144,2026-02-19,C00425,P048,9,226.17,duplicate_order_product
O009034,2026-04-25,C00131,P035,-1,510.42,invalid_quantity;duplicate_order_product
O005503,2026-03-31,C00037,P040,,249.33,missing_quantity;duplicate_order_product
O009217,2026-04-03,C00318,P031,2,872.06,duplicate_order_product
O001262,2026-01-21,C00796,P043,8,805.55,unknown_customer_id
O008833,2026-05-12,C00311,P032,2,901.27,duplicate_order_product
O002057,2026-05-02,C00217,P002,2,218.71,duplicate_order_product
O009482,2026-03-14,C00376,P038,6,,missing_unit_price;duplicate_order_product
O002278,2026-04-10,C00385,P042,9,491.55,duplicate_order_product
O001805,2026-02-06,C00107,P020,8,689.52,duplicate_order_product
O000501,2026-03-03,C00111,P038,6,64.77,duplicate_order_product
O003070,2026-01-08,C00175,P047,10,569.95,duplicate_order_product
O008965,2026-05-21,C00266,P028,7,944.71,duplicate_order_product
O009014,2026-03-17,C00416,P023,8,125.09,duplicate_order_product
O001366,2026-06-14,C00165,P008,2,686.76,duplicate_order_product
O001207,2026-05-04,C00338,P009,10,707.85,duplicate_order_product
O008194,2026-05-05,C00210,P036,9,877.97,duplicate_order_product
O009448,2026-02-22,C00281,P007,1,528.18,duplicate_order_product
O001053,2026-06-14,C00479,P011,9,-10.00,invalid_unit_price
O008732,2026-01-18,C00297,P025,7,-10.00,invalid_unit_price
O006835,2026-02-30,C00403,P050,10,37.09,invalid_order_date;duplicate_order_product
O004590,2026-06-21,C00163,P009,8,0,invalid_unit_price;duplicate_order_product
O001126,not-a-date,C00086,P050,9,699.88,invalid_order_date;duplicate_order_product
O000938,2026-03-12,C00267,P030,1,919.04,duplicate_order_product
O005807,2026-01-07,C00409,P030,4,807.53,duplicate_order_product
O007516,2026-06-06,C00331,P026,7,677.78,duplicate_order_product
O004548,2026-05-24,C00388,P002,5,5.02,duplicate_order_product
O005929,2026-03-28,C00405,P457,7,332.32,unknown_product_id
O000616,2026-03-10,C00194,P044,10,791.26,duplicate_order_product
O008110,not-a-date,C00308,P010,8,673.98,invalid_order_date;duplicate_order_product
O000165,2026-06-28,C00396,P371,10,159.66,unknown_product_id
O002333,2026-06-15,C00452,P030,-1,918.91,invalid_quantity;duplicate_order_product
O001834,2026-05-22,C00360,P049,2,,missing_unit_price
O007344,2026-06-04,C00516,P047,4,359.01,unknown_customer_id;duplicate_order_product
O001053,2026-06-14,C00479,P011,9,616.10,duplicate_order_product
O001196,2026-06-13,C00010,P047,5,113.39,duplicate_order_product
ORDER123,2026-04-16,C00490,P023,9,703.08,invalid_order_id
O002254,2026-04-18,C00169,P011,2,596.46,duplicate_order_product
O003806,2026-06-10,C00449,P003,2,86.66,duplicate_order_product
O007407,2026-02-19,C00011,P006,9,150.70,duplicate_order_product
O004251,2026-06-01,C00281,P019,9,991.60,duplicate_order_product
O007083,2026-03-23,C00181,P033,1,259.32,duplicate_order_product
O005458,2026-04-23,C00439,P028,3,628.03,duplicate_order_product
O003858,2026-02-28,C00084,,10,389.91,missing_product_id;invalid_product_id_format
O007459,2026-01-18,C00450,P014,4,100000.01,invalid_unit_price;duplicate_order_product
O000704,2026-05-13,C00286,P038,10,290.71,duplicate_order_product
O000177,2026-02-24,C00182,P017,6,367.55,duplicate_order_product
O000501,2026-03-03,C00655,P038,6,64.77,unknown_customer_id;duplicate_order_product
O008837,2026-06-12,C00336,P1,8,531.88,invalid_product_id_format;unknown_product_id
O005331,2026-02-21,C00167,P029,101,172.73,invalid_quantity;duplicate_order_product
O001724,2026-02-19,C00324,P023,5,266.04,duplicate_order_product
O001862,2026-13-01,C00146,P030,10,965.91,invalid_order_date;duplicate_order_product
O001880,2026-02-30,C00050,P049,2,867.49,invalid_order_date;duplicate_order_product
O008127,2026-04-24,C00488,,10,766.44,missing_product_id;invalid_product_id_format
O000307,2026-05-31,C00166,P002,3,0,invalid_unit_price;duplicate_order_product
O002370,,C00034,P043,5,852.89,missing_order_date;duplicate_order_product
O006886,2026-04-26,C00179,P043,7,,missing_unit_price;duplicate_order_product
O001103,2026-06-12,C00361,P046,101,990.73,invalid_quantity;duplicate_order_product
O006201,2026-03-13,C00353,P030,3,260.33,duplicate_order_product
O003228,2026-05-07,C00088,,9,639.57,missing_product_id;invalid_product_id_format
O001651,2026-02-30,C00487,P039,2,929.08,invalid_order_date;duplicate_order_product
O006424,2026-04-13,C00912,P022,1,516.59,unknown_customer_id;duplicate_order_product
O004972,2026-01-29,C00471,P011,1,268.24,duplicate_order_product
O006422,2026-01-05,C00067,P024,8,729.13,duplicate_order_product
O123,2026-04-12,C00476,P005,5,213.92,invalid_order_id
O000265,2026-03-07,C00342,P001,8,378.00,duplicate_order_product
O001296,2026-06-17,C00150,P046,101,794.49,invalid_quantity;duplicate_order_product
O005029,2026-04-09,C00408,P006,5,81.88,duplicate_order_product
O005949,2026-01-14,C00030,P013,3,82.89,duplicate_order_product
O008030,2026-04-03,C00244,P008,,533.28,missing_quantity;duplicate_order_product
O002096,2026-05-16,C00216,P015,3,563.06,duplicate_order_product
O008044,2026-04-30,C00124,,2,986.84,missing_product_id;invalid_product_id_format
O005950,2026-06-28,C00104,P007,10,,missing_unit_price;duplicate_order_product
O007336,2026-02-20,C00029,P017,5,417.54,duplicate_order_product
O005882,2026-01-05,C00415,P009,9,121.06,duplicate_order_product
O004096,not-a-date,C00143,P007,9,702.52,invalid_order_date;duplicate_order_product
O004493,2026-02-24,C00201,P024,10,454.23,duplicate_order_product
O003358,2026-06-25,C00190,P017,7,-10.00,invalid_unit_price
O000648,2026-06-25,C00424,P006,1,123.55,duplicate_order_product
O001076,2026-02-04,C00494,P032,1,0,invalid_unit_price;duplicate_order_product
O007567,2026-03-09,C00402,P032,6,804.83,duplicate_order_product
O003916,2026-04-27,C00142,P013,10,595.19,duplicate_order_product
O006986,2026-03-21,C00002,P047,-1,760.38,invalid_quantity;duplicate_order_product
O007651,2026-03-20,C00167,,2,732.85,missing_product_id;invalid_product_id_format
O007230,2026-06-14,C00308,P023,101,238.44,invalid_quantity;duplicate_order_product
O001834,2026-05-22,C00360,P049,2,548.02,duplicate_order_product
O002583,2026-04-20,C00457,P012,9,354.21,duplicate_order_product
O007748,2026-01-05,,P016,10,203.16,missing_customer_id;invalid_customer_id_format;duplicate_order_product
O002090,2026-04-24,C00391,P033,8,961.17,duplicate_order_product
O001749,2026-04-04,C00455,P004,2,502.94,duplicate_order_product
O001385,2026-06-03,C00227,X123,6,722.00,invalid_product_id_format;unknown_product_id
O001063,2026-05-24,C00106,P042,8,447.76,duplicate_order_product
O005810,2026-02-22,C00277,P025,10,55.07,duplicate_order_product
O006203,2026-06-17,C00007,P001,10,445.20,duplicate_order_product
O001315,2026-02-04,C00177,P019,8,,missing_unit_price;duplicate_order_product
O004639,2026-06-10,C00340,P030,8,801.10,duplicate_order_product
O004651,2026-03-29,C00437,P024,5,330.26,duplicate_order_product
O003469,not-a-date,C00111,P039,8,394.16,invalid_order_date;duplicate_order_product
O003864,2026-04-21,C00041,P044,8,16.72,duplicate_order_product
O008414,2026-02-24,C00267,P451,8,981.63,unknown_product_id
O004909,2025-12-31,C00421,P014,7,142.50,invalid_order_date;duplicate_order_product
O004143,2026-03-11,C00263,P002,9,0,invalid_unit_price;duplicate_order_product
O000065,2026-03-15,C00217,P045,9,868.52,duplicate_order_product
O002142,,C00456,P019,4,240.96,missing_order_date;duplicate_order_product
O009355,2026-01-16,C00364,P019,6,478.34,duplicate_order_product
O009264,2026-06-10,C00251,P028,1,633.99,duplicate_order_product
O004648,2026-06-08,C00170,P874,8,747.05,unknown_product_id
O001459,2026-02-18,C00055,P009,3,35.33,duplicate_order_product
O007838,2026-04-10,C00423,P002,9,,missing_unit_price;duplicate_order_product
O000352,2026-01-31,C00004,P032,7,231.28,duplicate_order_product
O008913,2026-03-01,C00455,P049,4,895.95,duplicate_order_product
O004046,2026-02-17,C00299,P826,2,734.56,unknown_product_id
O000614,2026-03-26,C00332,P006,8,487.37,duplicate_order_product
O002028,2026-05-02,C00138,P371,10,555.52,unknown_product_id
O001262,2026-01-21,C00347,P043,8,805.55,duplicate_order_product
O006036,2026-03-27,C00400,P024,,341.40,missing_quantity;duplicate_order_product
O004711,2026-04-16,C00077,P048,1,171.04,duplicate_order_product
O001017,2026-01-06,C00025,P045,2,547.27,duplicate_order_product
O001157,2026-05-26,C00187,P021,7,222.03,duplicate_order_product
100001,2026-06-01,C00357,P001,9,597.95,invalid_order_id
O006585,2026-06-26,C00252,P020,9,19.56,duplicate_order_product
O002017,2026-01-02,,P003,10,594.88,missing_customer_id;invalid_customer_id_format;duplicate_order_product
O003358,2026-06-25,C00190,P017,7,443.31,duplicate_order_product
O003889,2026-03-14,C00175,P047,2.5,903.44,invalid_quantity;duplicate_order_product
O007712,2026-02-25,C00079,P016,6,275.81,duplicate_order_product
O002446,2026-01-01,C00234,P045,7,951.56,duplicate_order_product
O003055,2026-03-10,C00164,P045,9,660.87,duplicate_order_product
O002550,2026-13-01,C00337,P009,3,497.50,invalid_order_date;duplicate_order_product
O008448,2026-02-05,C00477,P044,7,413.95,duplicate_order_product
O003488,2026-05-13,C00243,P042,10,547.45,duplicate_order_product
O000909,not-a-date,C00455,P025,3,960.42,invalid_order_date;duplicate_order_product
O003243,2026-03-14,C00421,P700,10,956.93,unknown_product_id
O002624,2026-03-06,C00457,P049,9,456.26,duplicate_order_product
O008815,2026-04-03,C00017,P035,2,92.26,duplicate_order_product
O008732,2026-01-18,C00297,P025,7,396.86,duplicate_order_product
O007856,2026-02-22,C00283,P042,101,132.42,invalid_quantity;duplicate_order_product
O005731,2026-13-01,C00195,P049,7,184.31,invalid_order_date;duplicate_order_product
O002201,2026-04-02,C00099,P006,10,820.51,duplicate_order_product
O005529,2026-04-17,C00841,P032,7,391.53,unknown_customer_id;duplicate_order_product
O002741,2026-03-17,,P005,5,756.64,missing_customer_id;invalid_customer_id_format;duplicate_order_product
O005057,2026-05-26,C00233,P025,101,909.60,invalid_quantity;duplicate_order_product
O001064,2026-04-04,C00423,P004,2.5,596.66,invalid_quantity;duplicate_order_product
O000203,2026-01-16,C00675,P048,2,273.35,unknown_customer_id;duplicate_order_product
O004020,2026-03-24,C00159,P036,8,284.84,duplicate_order_product
O006114,2026-02-16,C00203,P029,2,922.42,duplicate_order_product
O005102,2026-04-16,C00304,P036,10,280.62,duplicate_order_product
O007653,2026-04-15,C00481,P040,10,350.83,duplicate_order_product
O000873,2026-05-01,,P023,10,306.08,missing_customer_id;invalid_customer_id_format;duplicate_order_product
O000432,2026-03-27,C00069,P003,6,716.67,duplicate_order_product
O005648,2026-06-02,C00029,P001,4,517.93,duplicate_order_product
O006550,not-a-date,C00397,P025,4,890.02,invalid_order_date;duplicate_order_product
O002654,2026-02-16,C00236,P012,3,248.54,duplicate_order_product
O009052,2026-01-17,C00073,P049,1,285.62,duplicate_order_product
O004535,2026-05-29,C00197,P041,10,326.32,duplicate_order_product
O000499,2026-05-12,C00240,P032,5,652.91,duplicate_order_product
O008238,2026-02-30,C00117,P015,4,873.39,invalid_order_date;duplicate_order_product
O008292,2026-02-09,C00098,P769,5,153.52,unknown_product_id
O004108,2026-04-28,C00313,P063,3,289.80,unknown_product_id
O002109,2026-04-14,C00398,P013,5,111.46,duplicate_order_product
O005857,2026-01-01,C00598,P034,10,745.65,unknown_customer_id;duplicate_order_product
O007479,2026-01-17,C00460,X123,8,52.02,invalid_product_id_format;unknown_product_id
O000991,2026-06-08,C00037,P031,4,656.98,duplicate_order_product
O001517,2026-02-16,C00453,P040,4,929.75,duplicate_order_product
O001988,2026-01-25,C00286,P004,1,437.28,duplicate_order_product
O005816,2026-01-02,C00233,P017,5,321.96,duplicate_order_product
O123,2026-04-12,C00257,P016,7,664.95,invalid_order_id;duplicate_order_product
O007118,2026-02-12,C00487,P031,8,615.91,duplicate_order_product
O003935,2026-02-05,C00257,P021,6,,missing_unit_price;duplicate_order_product
O000567,2026-04-14,C00352,P033,101,905.77,invalid_quantity;duplicate_order_product
O008186,2026-06-28,C00079,P025,7,828.45,duplicate_order_product
O004359,2026-02-30,C00394,P045,9,551.14,invalid_order_date;duplicate_order_product
O008671,2026-04-30,C00471,P045,8,39.02,duplicate_order_product
O003280,2026-02-13,C00464,P038,6,677.77,duplicate_order_product
O003320,2026-02-12,C00473,P020,10,915.39,duplicate_order_product
O005231,2026-13-01,C00384,P034,4,157.41,invalid_order_date;duplicate_order_product
O003265,2026-04-08,C00192,P012,1,0,invalid_unit_price;duplicate_order_product
O004850,2026-01-17,C00102,P030,10,576.42,duplicate_order_product
O006248,2026-01-21,C00345,P037,9,210.37,duplicate_order_product
O005478,not-a-date,C00145,P046,5,665.70,invalid_order_date;duplicate_order_product
O008641,2026-04-22,C00151,P009,8,982.69,duplicate_order_product
O005259,2026-03-02,C00116,P016,,266.16,missing_quantity;duplicate_order_product
O002666,2026-02-30,C00246,P049,10,583.38,invalid_order_date;duplicate_order_product
O000935,2026-04-22,C00104,P041,3,780.94,duplicate_order_product
O003036,2026-01-10,C00255,P033,-1,853.40,invalid_quantity;duplicate_order_product
O009279,2026-03-03,C00453,P047,7,125.32,duplicate_order_product
O006933,2026-06-01,C00293,P020,1,714.99,duplicate_order_product
O004003,2026-04-14,C00156,P014,9,837.56,duplicate_order_product
O000257,2026-01-24,C00223,P007,2,582.53,duplicate_order_product
O009224,2026-03-29,C00209,P033,9,902.59,duplicate_order_product
O001115,2026-05-20,C00275,P026,2,458.96,duplicate_order_product
O001735,2026-01-11,C00241,P047,9,45.06,duplicate_order_product
O008601,2026-01-02,C00060,P040,,947.39,missing_quantity;duplicate_order_product
O003162,not-a-date,C00078,P032,3,962.49,invalid_order_date;duplicate_order_product
O007376,2026-06-25,C00416,P008,9,656.98,duplicate_order_product
O007473,2026-06-28,C00308,P020,8,540.16,duplicate_order_product
O009447,2026-01-13,C00400,P018,3,272.59,duplicate_order_product
O008377,2026-03-25,C00258,P036,-1,598.72,invalid_quantity;duplicate_order_product
